service1,service2
compose-post-service,home-timeline-service
compose-post-service,media-service
compose-post-service,nginx-thrift
compose-post-service,post-storage-service
compose-post-service,text-service
compose-post-service,unique-id-service
compose-post-service,user-service
compose-post-service,user-timeline-service
home-timeline-redis,home-timeline-service
home-timeline-service,compose-post-service
home-timeline-service,home-timeline-redis
home-timeline-service,nginx-thrift
home-timeline-service,post-storage-service
home-timeline-service,social-graph-service
media-service,compose-post-service
nginx-thrift,compose-post-service
nginx-thrift,home-timeline-service
nginx-thrift,user-timeline-service
post-storage-mongodb,post-storage-service
post-storage-service,compose-post-service
post-storage-service,home-timeline-service
post-storage-service,post-storage-mongodb
post-storage-service,user-timeline-service
post-storage-service,post-storage-memcached
social-graph-mongodb,social-graph-service
social-graph-redis,social-graph-service
social-graph-service,home-timeline-service
social-graph-service,social-graph-mongodb
social-graph-service,social-graph-redis
text-service,compose-post-service
text-service,url-shorten-service
text-service,user-mention-service
unique-id-service,compose-post-service
url-shorten-mongodb,url-shorten-service
url-shorten-service,text-service
url-shorten-service,url-shorten-mongodb
user-memcached,user-mention-service
user-mention-service,text-service
user-mention-service,user-memcached
user-mention-service,user-mongodb
user-mongodb,user-mention-service
user-mongodb,user-service
user-service,compose-post-service
user-service,user-mongodb
user-timeline-mongodb,user-timeline-service
user-timeline-redis,user-timeline-service
user-timeline-service,compose-post-service
user-timeline-service,nginx-thrift
user-timeline-service,post-storage-service
user-timeline-service,user-timeline-mongodb
user-timeline-service,user-timeline-redis
post-storage-memcached,post-storage-service
