Type,Name,Request Count,Failure Count,Median Response Time,Average Response Time,Min Response Time,Max Response Time,Average Content Size,Requests/s,Failures/s,50%,66%,75%,80%,90%,95%,98%,99%,99.9%,99.99%,100%
GET,/,1,0,158.03705103462562,158.03705103462562,158.03705103462562,158.03705103462562,10499.0,0.003343916524455477,0.0,160,160,160,160,160,160,160,160,160,160,160
GET,/product/0PUK6V6EV0,620,0,38,44.41998423877052,29.543057025875896,260.68762701470405,7955.512903225806,2.0732282451623956,0.0,38,40,42,43,57,89,93,130,260,260,260
GET,/product/1YMWWN1N4O,632,0,39,45.01749328289717,31.392459000926465,186.70842796564102,7978.395569620253,2.1133552434558616,0.0,39,41,42,44,81,90,96,120,190,190,190
GET,/product/2ZYFJ3GM2N,607,0,38,43.57003978214992,28.33826298592612,293.10180502943695,7974.6359143327845,2.0297573303444745,0.0,38,40,41,43,52,88,95,100,290,290,290
GET,/product/66VCHSJNUP,549,0,38,45.54285145727731,29.592318984214216,495.779535965994,7940.586520947177,1.8358101719260569,0.0,38,40,42,44,75,91,99,130,500,500,500
GET,/product/6E92ZMYYFZ,613,0,38,44.157818850846944,30.15046496875584,179.285533959046,7930.223491027732,2.0498208294912073,0.0,38,40,41,44,60,90,95,98,180,180,180
GET,/product/9SIQT8TOJO,622,0,39,44.09556529532229,30.659020005259663,222.74189302697778,7980.816720257235,2.0799160782113066,0.0,39,40,42,43,57,89,96,110,220,220,220
GET,/product/L9ECAV7KIM,608,0,38,45.26987855608336,31.020343012642115,452.0060559734702,7948.0723684210525,2.03310124686893,0.0,38,40,42,43,63,90,96,120,450,450,450
GET,/product/LS4PSXUNUM,624,0,38,42.903684707618176,30.718712019734085,219.1432780236937,7946.708333333333,2.0866039112602177,0.0,38,40,41,42,46,88,94,99,220,220,220
GET,/product/OLJCESPC7Z,591,0,38,43.09893524943569,30.54888203041628,270.5894109676592,7980.015228426396,1.9762546659531868,0.0,38,40,41,43,48,87,97,100,270,270,270
,Aggregated,5467,0,38,44.24056399359835,28.33826298592612,495.779535965994,7960.107371501737,18.28119163919809,0.0,38,40,42,43,55,89,96,110,270,500,500
